DL_score,ML_score,Fusion_Pred_Prob
0.0035441485,0.0,0.3825667969134056
0.15932786,0.26688933,0.5281859214940715
0.02775557,0.9970061,0.41365259734863913
0.9999325,0.9970739,0.963618242695298
0.14736119,0.6019281,0.5203654795952563
0.072437316,0.33008277,0.44802048225932667
0.07641317,0.29076287,0.4513042459107931
0.9881302,0.6107335,0.9614805472828979
0.09451746,0.0,0.46520545654199114
0.8225999,0.931138,0.9316741345306943
0.09441889,0.9951916,0.4749329672598026
0.999757,0.8212229,0.9633501576473852
0.89742285,0.41894603,0.9464165320191757
1.0,0.0,0.9622171879241552
0.026172167,0.0,0.40268701982225796
0.09952918,0.67575836,0.4765304740090091
0.008073744,0.0,0.386564707637622
0.59343445,0.0,0.848282425789732
0.0050062425,0.0,0.38385556485474454
0.06369891,0.781463,0.4443858108060275
0.026381064,0.63539845,0.4089434319729551
0.036248147,0.99692816,0.4213539085561353
0.005006247,0.0,0.38385557115198793
0.17478052,0.8697436,0.5484398681356958
0.05145848,0.99701655,0.43524301998399473
0.093680955,0.42080998,0.4685776981065788
0.045257006,0.95670974,0.42917584400112824
0.056268826,0.0,0.42995297685755735
0.00464302,0.564213,0.3888327052079459
0.005006252,0.95726305,0.3928618045578006
0.07189837,0.98146224,0.4539109095793039
0.019970559,0.108011425,0.3981616488418148
0.9999988,0.98985857,0.9636168931477421
0.12683554,0.0,0.49527998172562043
0.13564858,0.0,0.5034963349057544
0.08273068,0.9159698,0.4632964711242551
0.3344015,0.0,0.6803083038130249
0.13373551,0.0,0.5017127965851236
0.15124853,0.40588292,0.5220453911883225
0.018744923,0.92893845,0.4048769018619073
0.1821905,0.0,0.5467512855822065
0.019870337,0.8314333,0.4049575836837189
0.06898381,0.8032177,0.4494704508981609
0.82838404,0.41781786,0.931752923329569
0.038712624,0.0,0.41398519563846675
0.061255604,0.11403889,0.43562701137087323
0.1690965,0.0,0.5346249766544962
0.19189501,0.8323843,0.5638283227238018
0.1180086,0.0,0.4870532224340501
0.050365184,0.0,0.42456545484173
0.045852736,0.0,0.4204594875976938
0.15529837,0.9818194,0.5314967695753187
0.1950511,0.0,0.5586077740508892
0.042058844,0.021069031,0.4172187226325871
0.1522227,0.04973,0.5194313882366489
0.13228452,0.36742848,0.5039983340932114
0.17003171,0.70351434,0.5424166323198845
0.4471077,0.111198425,0.7649307876741299
0.24073766,0.5091001,0.604931563245994
0.9900315,0.6273088,0.961766441205237
0.09831296,0.007231922,0.46879993876051385
0.032921534,0.0,0.4087557583442647
0.17435491,0.59882045,0.5453874190774803
0.04724578,0.83184576,0.42978127870118815
0.0708795,0.2508581,0.44580880951208457
0.12539,0.21422768,0.49605356472626516
0.822168,0.8958457,0.9314823628329688
0.09424079,0.52914727,0.4701664490695961
0.26687366,0.9286628,0.6318457004802189
0.7891671,0.35586336,0.9216679727178573
1.0,0.92425674,0.963525833258187
0.09410991,0.0,0.46482734627532807
0.00095377484,0.99403363,0.38960929109274417
0.2533767,0.5991563,0.6169819736723108
0.112731345,0.0,0.48213785787689356
0.021107504,0.8567697,0.40631188708442617
0.028842332,0.98916537,0.4145605548382952
0.03472851,0.17837614,0.412095998985196
0.021051973,0.0,0.398102851120575
0.07853302,0.0,0.45041011851199747
0.09569375,0.8161112,0.47434973583056433
0.16014655,0.9585206,0.5357666728567149
0.053225726,0.9875288,0.43677124972105397
0.9258891,0.9900018,0.9525840398020758
1.0,0.90545785,0.9634996558133273
0.11948289,0.0,0.4884269040770986
0.99999845,0.9903116,0.9636174700332981
0.21650596,0.0,0.5782331901503216
0.05960661,0.3543707,0.4364556844958619
0.048059236,0.9741751,0.431907597439404
0.14237294,0.0,0.5097643876839145
1.0,0.94995755,0.9635615924507719
0.005006252,0.9804499,0.3930808877080393
0.99999917,0.33855873,0.9627015971036544
0.33090907,0.0,0.6774690572771683
0.2353468,0.0,0.5952681488268797
0.22775427,0.0,0.5884284863362809
0.0122897485,0.0,0.3902996371817359
0.05448581,0.0,0.4283240284409876
0.122450404,0.0,0.4911924117571664
0.10119613,0.16819948,0.4730674286650443
0.17640993,0.78505516,0.5491139125848056
0.0382412,0.17804965,0.41527019290409434
0.04529147,0.80454016,0.4277313387565752
0.067059495,0.55850285,0.44529985970322794
0.3008291,0.47718886,0.6567601991391597
0.42983577,0.0,0.7523321130518821
0.16930091,0.6839115,0.5415473542421811
0.17115308,0.0,0.5365326581910828
0.18497452,0.8587003,0.5577283868988014
0.049064334,0.49667433,0.4281905248199323
0.083938405,0.0,0.455404902604895
0.8148927,0.0,0.9273764768260484
0.18673025,0.0,0.550943356038159
0.0050062495,0.7287246,0.3907047573121665
0.19172658,0.0,0.555548664998416
0.032347705,0.9907374,0.4177518961295765
0.7497452,0.9193076,0.9121786515091727
0.088761196,0.70461386,0.46680865544617217
0.06744876,0.1979909,0.4421335196121997
0.054287177,0.5842665,0.43381793976241617
0.1319837,0.10956085,0.5011644643931854
0.33855996,0.029627936,0.6839253791202395
0.17449117,0.15230355,0.5411250715163604
0.9908331,0.0766928,0.961068343507562
0.03651239,0.19905752,0.41390738306210517
0.3919235,0.0,0.7250605017420796
0.18301734,0.008814212,0.5476018123851687
0.99994195,0.0,0.9622093193754717
0.11254036,0.0,0.4819600250764647
0.14757255,0.0,0.514609157412992
0.19400743,0.0,0.557647884589003
0.48786452,0.0,0.7904258282168551
0.073114425,0.9108756,0.4543420264620629
0.0030827469,0.0,0.3821604377411749
1.0,0.0,0.9622171879241552
0.20474613,0.0,0.5675026082038669
0.45922843,0.0,0.7721871310980745
0.56048983,0.065110855,0.8321458881142575
0.6925797,0.0,0.890018721983795
0.03482751,0.0,0.4104746676802009
0.99992657,0.0,0.9622072358052048
0.58376765,0.0,0.843584328302206
0.99392176,0.0,0.9613844201312723
0.99999523,0.9361686,0.9635417901517007
0.13408948,0.0,0.5020428101108597
0.6646713,0.0,0.8794099517854611
0.9999988,0.98219186,0.9636062450923891
0.17765866,0.0,0.542559902483106
0.1467993,0.0,0.5138888337520844
0.1311964,0.0,0.49934554433708433
0.36566442,0.0,0.7051152860269252
0.16992313,0.0,0.535391877599186
0.22969285,0.0,0.5901782036387226
0.43561524,0.0,0.7563262201401165
0.78079665,0.0,0.918333542854098
0.99999154,0.9863283,0.9636110343946007
0.0050062444,0.9989943,0.3932561305999454
0.15907244,0.99936706,0.5351727417806286
0.2275621,0.59195596,0.5939220531274073
0.7633172,0.034727942,0.9134184468048026
0.104924954,0.0,0.474873400501523
0.9256594,0.3759067,0.9514336616595465
0.09188128,0.0,0.46276045847666686
0.99429446,0.2093491,0.9617422662690299
0.25598225,0.9728661,0.622759371590865
0.34971774,0.0,0.6926009784310083
1.0,0.9314181,0.963535800763482
0.20518756,0.0,0.5679066211951637
0.08664635,0.71410227,0.46493965214421834
0.999982,0.0,0.9622147485326451
0.9972053,0.59826297,0.9626968409855908
0.9642455,0.0,0.9570594074068306
0.22066455,0.0,0.5820107323174569
0.13989542,0.0,0.5074552488859378
0.9977847,0.0,0.9619156927556579
0.006512335,0.0,0.38518481308549424
0.025893357,0.0,0.4024369487634069
0.005006259,0.0,0.38385557744923143
0.15397514,0.0,0.520570961419274
0.23688124,0.0,0.5966460532366789
0.08579728,0.9948073,0.46691844885230616
0.70307964,0.4105322,0.8953272425398907
0.058783922,0.9132871,0.44115179120145664
0.06637935,0.44530842,0.4435665411623943
1.0,0.0,0.9622171879241552
0.55027634,0.0,0.8263884661579868
0.008629957,0.0,0.38705670009570453
0.079498805,0.0,0.4513018345438961
0.094497636,0.5971219,0.47107586518916184
1.0,0.0,0.9622171879241552
0.00406409,0.99202067,0.3923522439530834
0.66559803,0.0,0.8797759745714252
0.91208035,0.0,0.9483145454223004
0.89043003,0.0,0.9442108356209128
0.91674197,0.0,0.949160015706273
0.0047419937,0.0,0.38362251797392816
0.6661846,0.987362,0.8840758422629037
0.7575495,0.0,0.9115913913522025
0.12760763,0.0,0.49599975778665945
0.0050062397,0.0,0.38385556485474454
0.9971732,0.0,0.9618320635579496
0.36623698,0.0,0.7055590733303596
0.32890856,0.0,0.675836771274471
0.9997429,0.32993862,0.9626549982839175
0.03471078,0.040326197,0.410755874778033
0.22108969,0.0,0.5823963943232858
0.00316223,0.55677027,0.38745122444923563
0.5295827,0.0,0.8150362038442942
0.12152381,0.0,0.49032883130125754
0.0050062425,0.0,0.38385556485474454
0.16809462,0.93170553,0.5428669716482013
0.08264529,0.94270176,0.4634805755186058
0.15223038,0.9572624,0.5284044109759458
0.14736132,0.0,0.5144124000163501
0.9971591,0.9353834,0.9631673157377741
0.06411745,0.97370064,0.4466523805743091
0.1473613,0.120950095,0.5156089801835885
1.0,0.41317666,0.9628076849436639
0.03707034,0.9275448,0.42143143280383855
0.5109213,0.86862016,0.8096726412955743
0.004215574,0.0,0.3831584221829498
0.005006235,0.0,0.3838555585575011
0.06352545,0.0,0.4365978669012304
0.06873273,0.0,0.44138038072789787
0.9999963,0.7644468,0.9633022387216768
0.1396232,0.0,0.5072015011247837
0.99824893,0.0,0.9619790665309128
0.712752,0.0,0.8971692817042886
0.98517424,0.0,0.9601549613695903
0.40457293,0.0,0.7343638735511666
0.06369182,0.0,0.4367504832836631
0.2961538,0.0,0.6485229755617365
0.0050062425,0.0,0.38385556485474454
0.99469286,0.9915787,0.9629191946910388
0.1950533,0.0,0.5586097894911621
0.19455281,0.17644247,0.5598723878152544
0.01820159,0.0,0.395558541971145
0.5051544,0.0,0.8009069834727984
0.15666363,0.0,0.5230726999042717
0.06495921,0.0,0.4379135366786128
0.042625714,0.0,0.4175298575905153
0.030519485,0.003669389,0.40662771488075555
0.998858,0.8399201,0.9632578208260533
0.108756006,0.8890825,0.4872307319082116
0.2743825,0.19547756,0.6316041225446066
0.865652,0.18780784,0.9395625241061567
0.17051333,0.025181968,0.5361873993519367
0.5335763,0.7705885,0.8217850131964716
0.9492713,0.77741116,0.9560180577686179
0.1054872,0.73094624,0.4826214739575113
0.042917587,0.8319488,0.42583117700145073
0.7666739,0.0,0.9142956077322262
0.9486522,0.5431667,0.9555282696879529
0.019529924,0.0,0.39674354280879875
0.27367568,0.0,0.6291859297045036
0.3883046,0.0,0.7223619900596253
0.62426066,0.93680674,0.8668348576710418
0.20562826,0.0,0.5683098710537372
0.7094889,0.0,0.8960411746940806
0.016833626,0.0,0.39433946643048534
0.9999839,0.0,0.9622150118393306
0.117151774,0.0,0.48625495919961187
0.028440276,0.0,0.4047231828395928
0.0026817697,0.24773017,0.3841261272776063
0.04531496,0.96578115,0.4293168208548708
0.005006247,0.858298,0.3919272099543818
0.03307933,0.101406485,0.4098691606954981
0.18765341,0.0,0.5517949451917248
0.9202159,0.0,0.9497815464882653
0.38465858,0.0,0.719626820150939
0.98298764,0.0,0.9598418189483647
0.01870616,0.0,0.3960085202887448
0.046710975,0.0,0.4212395900510715
0.16798921,0.0,0.5335974324736429
0.5908114,0.0,0.8470191888385976
0.9983329,0.0,0.9619905172564963
0.9935456,0.0,0.9613323063504221
0.7241948,0.0,0.9010399970584863
0.9477154,0.0,0.9544533842199205
0.05210356,0.0,0.42615005378322435
0.057273965,0.0,0.43087193452408457
0.9999832,0.98655057,0.9636102525908457
0.22262383,0.5174229,0.5887582942128375
0.99999285,0.0,0.962216219929759
0.9876987,0.0,0.9605135677256772
0.15484618,0.0,0.5213816074373875
0.29919562,0.947738,0.6595828939542462
0.12840804,0.0,0.49674596193898374
0.0049855257,0.0,0.383837296715479
0.57065755,0.0,0.8370242702389038
0.0050062425,0.0,0.38385556485474454
0.08049897,0.0,0.4522256282572052
0.16392048,0.0,0.5298193577370237
0.27590343,0.96918505,0.640013479701485
1.0,0.0,0.9622171879241552
0.9361125,0.0,0.9525349065946349
0.116427615,0.0,0.48558034842464487
0.08721414,0.0,0.4584362497142782
0.20539497,0.0,0.5680964132195309
0.017934797,0.0,0.39532067648345454
0.0,0.9408709,0.3882634839219683
0.278906,0.0,0.6337251257496147
0.91683143,0.0,0.9491761096185554
0.51162976,0.15771872,0.8057094235558642
0.15435962,0.10748818,0.5219912198740905
0.089735806,0.62658757,0.4669440634581352
0.028326357,0.0,0.4046208338396677
0.01463833,0.97268176,0.40160857589294796
0.04859004,0.90875435,0.4317575004400857
1.0,0.97273594,0.9635932573124748
0.14322677,0.0,0.5105601055080432
0.94983655,0.0,0.9547960313114973
0.6197288,0.47592556,0.8627241755707421
0.09452593,0.0,0.46521331613571576
0.18715142,0.0,0.5513319103608832
0.23561637,0.0,0.5955103339662187
2.5951984e-05,0.70945615,0.38611156409341585
1.0,0.9983708,0.9636288613323534
0.22324492,0.9901135,0.5938426538091592
0.38988927,0.0,0.7235456348707128
0.9941572,0.0,0.961417002435943
0.9999958,0.9961125,0.9636251811921271
0.05347697,0.0,0.4274030486230259
0.8637689,0.99771166,0.9409698031938601
0.10166328,0.67095,0.4784685841375
0.03901297,0.83791286,0.4223324702073337
0.08550872,0.16473459,0.4584772236807393
0.031611744,0.0,0.40757581445300317
0.0057511297,0.0,0.38451277417425744
0.051554993,0.0,0.4256498480252144
0.1736889,0.45503676,0.5433588038285505
0.9999999,0.0,0.9622171724364325
0.002394692,0.0,0.38155476729945875
0.1574127,0.0,0.5237695380835935
0.15055592,0.0,0.5173877636990344
0.08017364,0.0,0.45192510421387017
0.9747945,0.10580837,0.9588132132349702
0.29608667,0.6455815,0.6542726424881841
0.9999658,0.9734159,0.9635897259525761
0.21293703,0.5988799,0.5807702979353012
0.45558706,0.49192914,0.7732242959894632
0.0037244838,0.0,0.3827256627840828
0.23652746,0.32798386,0.5994517992109356
0.087624684,0.0,0.4588163843995176
0.6768145,0.99996185,0.8881267074990371
0.005006259,0.0,0.38385557744923143
0.2502525,0.0,0.6085865191679034
0.98547596,0.0,0.9601979822453487
0.9856645,0.98967534,0.9616953106979466
0.16018012,0.0,0.5263431709486006
0.96989113,0.0,0.9579163817849456
0.95346177,0.0,0.9553759633071822
0.01113927,0.0,0.3892791370966249
0.001065931,0.0,0.38038615020541183
0.16102985,0.0,0.5271331180152895
0.2779287,0.95605135,0.6416321577184653
1.0,0.77933556,0.963323562355298
0.070201226,0.0,0.4427310948295366
0.9894406,0.0,0.9607592161804905
0.0888233,0.0,0.45992649969470634
0.0063463054,0.0,0.3850381973328058
0.077432655,0.0,0.4493945244111244
0.007220322,0.0,0.385810272755685
0.2855703,0.0,0.6394745436277456
0.0040324433,0.0,0.3829970279940915
0.019637674,0.0,0.39683972103583376
0.030668216,0.0,0.406726480858324
0.003326022,0.0,0.3823746730606087
0.011990708,0.0,0.39003428659182565
0.07808159,0.0,0.4499934164554553
0.91855884,0.0,0.949485975195477
0.019202285,0.0,0.3964511442881964
0.16815016,0.0,0.5337468074032586
0.03765332,0.0,0.41302714154601955
0.77639383,0.0,0.9170936560843114
0.04437843,0.0,0.41912033911889424
0.09891844,0.0,0.46929093534509814
0.10219167,0.0,0.4723322216814562
0.06975657,0.0,0.442322009455834
0.13432181,0.0,0.5022594057067893
0.12632142,0.0,0.4948007074367058
0.98546034,0.0,0.9601957598043305
0.0693314,0.0,0.4419309307906182
0.115394615,0.0,0.48461812126604775
0.003264261,0.0,0.3823202768221586
0.10808759,0.9986731,0.4876924691624636
0.082884215,0.0,0.45443005329405817
0.023827508,0.73762816,0.40762106400382786
0.6244256,0.0,0.8625659405056039
0.020748772,0.9915001,0.40727684043397355
0.19377862,0.987344,0.5670625236302738
0.14742924,0.0,0.5144756696086055
0.6578841,0.0,0.8766998675082881
0.012950251,0.0,0.3908859507289899
0.15625769,0.0,0.5226950291338485
0.52989036,0.9865297,0.8210232651565795
