"protein.id.A","protein.id.B","pair"
"P02724","Q8N661","P02724_Q8N661"
"O75880","O14746","O14746_O75880"
"Q86X29","Q9H0C8","Q86X29_Q9H0C8"
"Q9Y320","Q9H0B6","Q9H0B6_Q9Y320"
"Q13520","Q13057","Q13057_Q13520"
"O00299","Q96IZ0","O00299_Q96IZ0"
"Q8IY95","Q6S8J3","Q6S8J3_Q8IY95"
"Q9UNK0","P61026","P61026_Q9UNK0"
"Q9Y277","Q96T23","Q96T23_Q9Y277"
"Q8NAU1","O43918","O43918_Q8NAU1"
"Q96N66","Q9HCU9","Q96N66_Q9HCU9"
"Q00325","Q96JN2","Q00325_Q96JN2"
"O15260","Q96S44","O15260_Q96S44"
"P61619","Q969X5","P61619_Q969X5"
"P13612","Q7Z2W9","P13612_Q7Z2W9"
"Q13291","Q9BX63","Q13291_Q9BX63"
"P57088","Q9H813","P57088_Q9H813"
"Q8IV08","O00186","O00186_Q8IV08"
"O43464","Q6Y7W6","O43464_Q6Y7W6"
"O15400","Q13503","O15400_Q13503"
"P81408","Q99570","P81408_Q99570"
"O00559","Q5ST30","O00559_Q5ST30"
"Q5J8M3","Q9NT62","Q5J8M3_Q9NT62"
"Q96RD7","Q6SPF0","Q6SPF0_Q96RD7"
"Q8IXI1","P10147","P10147_Q8IXI1"
"Q969N2","O14862","O14862_Q969N2"
"Q9UKV5","P25942","P25942_Q9UKV5"
"P15144","O00151","O00151_P15144"
"Q9Y3E0","B7ZAP0","B7ZAP0_Q9Y3E0"
"Q96A33","P83916","P83916_Q96A33"
"Q86X19","Q9H257","Q86X19_Q9H257"
"Q9Y2U8","O95239","O95239_Q9Y2U8"
"Q6ZMQ8","P11234","P11234_Q6ZMQ8"
"Q5JTH9","Q8ND24","Q5JTH9_Q8ND24"
"Q7KZN9","Q8N2W9","Q7KZN9_Q8N2W9"
"O75746","A0JLT2","A0JLT2_O75746"
"Q8IXI1","P37275","P37275_Q8IXI1"
"Q9UKV5","O43301","O43301_Q9UKV5"
"P03886","P12109","P03886_P12109"
"Q9C0E8","P54725","P54725_Q9C0E8"
"Q9NVI7","Q9Y5Y0","Q9NVI7_Q9Y5Y0"
"Q96G97","Q8N6Q3","Q8N6Q3_Q96G97"
"O15126","O43524","O15126_O43524"
"O00767","Q86WK6","O00767_Q86WK6"
"Q9UQV4","Q01196","Q01196_Q9UQV4"
"O14786","O15126","O14786_O15126"
"Q9H3K2","P13929","P13929_Q9H3K2"
"P49755","Q8N3L3","P49755_Q8N3L3"
"Q15070","Q8NFC6","Q15070_Q8NFC6"
"P19022","P0CG37","P0CG37_P19022"
"Q9BYF1","Q96JM7","Q96JM7_Q9BYF1"
"Q86UL3","Q15555","Q15555_Q86UL3"
"O60503","Q8IWC1","O60503_Q8IWC1"
"P16615","Q9H496","P16615_Q9H496"
"Q9NQ11","Q9GZV8","Q9GZV8_Q9NQ11"
"Q9P0L0","Q96KQ7","Q96KQ7_Q9P0L0"
"O95159","P39687","O95159_P39687"
"Q96TA2","P16410","P16410_Q96TA2"
"P04843","Q6IPX4","P04843_Q6IPX4"
"Q9NTJ5","Q9Y570","Q9NTJ5_Q9Y570"
"Q9P0J0","P67812","P67812_Q9P0J0"
"Q8N468","Q6ZRY4","Q6ZRY4_Q8N468"
"P41587","P80188","P41587_P80188"
"P39656","O75531","O75531_P39656"
"P08069","Q9ULR3","P08069_Q9ULR3"
"P16070","Q8N9I9","P16070_Q8N9I9"
"P21462","Q8WUQ7","P21462_Q8WUQ7"
"P32246","Q15392","P32246_Q15392"
"P32241","Q5W5X9","P32241_Q5W5X9"
"P51798","Q8NC56","P51798_Q8NC56"
"Q9BUN8","P07305","P07305_Q9BUN8"
"Q9Y487","Q8IXB3","Q8IXB3_Q9Y487"
"A0FGR8","Q96RE7","A0FGR8_Q96RE7"
"O15400","P06454","O15400_P06454"
"P05362","O14770","O14770_P05362"
"Q9BSJ5","Q9UJX6","Q9BSJ5_Q9UJX6"
"P25445","Q92945","P25445_Q92945"
"P01375","P05089","P01375_P05089"
"Q9H9B4","P52434","P52434_Q9H9B4"
"P16615","Q9NRR5","P16615_Q9NRR5"
"Q969X5","Q9NRR4","Q969X5_Q9NRR4"
"O14672","Q9HD45","O14672_Q9HD45"
"O15400","P35499","O15400_P35499"
"P13164","Q96SZ6","P13164_Q96SZ6"
"O14975","Q8NB90","O14975_Q8NB90"
"Q8TCJ2","Q9NVU0","Q8TCJ2_Q9NVU0"
"Q9Y277","Q13523","Q13523_Q9Y277"
"Q9Y2H6","Q13216","Q13216_Q9Y2H6"
"Q96AG3","Q9UPV0","Q96AG3_Q9UPV0"
"Q9H0H0","Q9Y575","Q9H0H0_Q9Y575"
"Q8TED1","Q07864","Q07864_Q8TED1"
"P16070","O15397","O15397_P16070"
"Q96N66","P78345","P78345_Q96N66"
"Q07817","P54098","P54098_Q07817"
"Q8NBN3","Q15596","Q15596_Q8NBN3"
"Q13190","Q02413","Q02413_Q13190"
"Q99943","Q8WUA4","Q8WUA4_Q99943"
"Q8WXH2","Q8ND83","Q8ND83_Q8WXH2"
"P25090","O43347","O43347_P25090"
"Q9BTX1","Q6IN85","Q6IN85_Q9BTX1"
"Q9H9B4","P43250","P43250_Q9H9B4"
"O15162","Q96S97","O15162_Q96S97"
"P08581","P22102","P08581_P22102"
"Q8NEN9","Q8NG27","Q8NEN9_Q8NG27"
"O94766","Q5H9F3","O94766_Q5H9F3"
"Q9NR77","Q9UI36","Q9NR77_Q9UI36"
"Q01650","P06737","P06737_Q01650"
"Q92545","P10620","P10620_Q92545"
"Q13433","Q99426","Q13433_Q99426"
"Q9BSJ8","P08631","P08631_Q9BSJ8"
"P16070","O95168","O95168_P16070"
"Q8IYS2","Q9Y448","Q8IYS2_Q9Y448"
"P13612","Q8WZ73","P13612_Q8WZ73"
"O14842","P52655","O14842_P52655"
"Q99442","Q96JM3","Q96JM3_Q99442"
"Q8NC42","Q15788","Q15788_Q8NC42"
"P78310","Q9P2K5","P78310_Q9P2K5"
"Q8WTV0","Q9UBC3","Q8WTV0_Q9UBC3"
"P04439","P53990","P04439_P53990"
"Q5J8M3","Q9UM47","Q5J8M3_Q9UM47"
"P23634","P14598","P14598_P23634"
"O00299","P19971","O00299_P19971"
"Q14573","Q6DKK2","Q14573_Q6DKK2"
"Q07954","O15460","O15460_Q07954"
"Q04912","Q5VWG9","Q04912_Q5VWG9"
"Q6NUS6","Q9BYZ6","Q6NUS6_Q9BYZ6"
"Q03001","Q9BZ95","Q03001_Q9BZ95"
"Q92611","P40855","P40855_Q92611"
"P30530","Q969T4","P30530_Q969T4"
"Q9Y2R0","Q68D10","Q68D10_Q9Y2R0"
"P11279","Q9BUR5","P11279_Q9BUR5"
"Q9Y5Y3","Q9NW64","Q9NW64_Q9Y5Y3"
"Q9NVH0","Q16585","Q16585_Q9NVH0"
"P01889","Q02556","P01889_Q02556"
"O95573","O43609","O43609_O95573"
"P11166","Q9UBS3","P11166_Q9UBS3"
"Q92482","Q8N0Z3","Q8N0Z3_Q92482"
"P19634","Q9NVU0","P19634_Q9NVU0"
"Q86TM6","Q96SY0","Q86TM6_Q96SY0"
"Q06481","Q8NCD3","Q06481_Q8NCD3"
"Q6J9G0","Q71SY5","Q6J9G0_Q71SY5"
"P56589","Q5VWQ0","P56589_Q5VWQ0"
"P17813","Q12913","P17813_Q12913"
"Q96CP6","Q9BYC5","Q96CP6_Q9BYC5"
"Q8NBJ9","Q9GZZ1","Q8NBJ9_Q9GZZ1"
"P51809","Q8NA54","P51809_Q8NA54"
"B2RTY4","Q6NSJ2","B2RTY4_Q6NSJ2"
"Q9NYP7","Q3KNW5","Q3KNW5_Q9NYP7"
"Q9UHW9","Q8IYU8","Q8IYU8_Q9UHW9"
"Q9Y2R0","Q9H8T0","Q9H8T0_Q9Y2R0"
"Q06481","Q8ND24","Q06481_Q8ND24"
"Q03518","P28749","P28749_Q03518"
"O75746","Q15907","O75746_Q15907"
"Q92504","Q9UI36","Q92504_Q9UI36"
"Q7LGA3","P61457","P61457_Q7LGA3"
"Q16832","Q92738","Q16832_Q92738"
"Q8TBP5","P15498","P15498_Q8TBP5"
"Q96AG3","Q8WVM0","Q8WVM0_Q96AG3"
"O94901","Q9P253","O94901_Q9P253"
"O15431","Q69YQ0","O15431_Q69YQ0"
"Q15363","O43914","O43914_Q15363"
"O14763","O43561","O14763_O43561"
"P34741","P49641","P34741_P49641"
"Q86WV6","P23511","P23511_Q86WV6"
"Q9UJS0","Q9HC52","Q9HC52_Q9UJS0"
"Q68DV7","Q9Y4K0","Q68DV7_Q9Y4K0"
"Q13304","Q8NEJ9","Q13304_Q8NEJ9"
"Q92633","Q6P5Z2","Q6P5Z2_Q92633"
"Q9Y3E0","O94762","O94762_Q9Y3E0"
"O75746","O76081","O75746_O76081"
"Q8TDB4","Q0ZGT2","Q0ZGT2_Q8TDB4"
"Q9BUR5","P19022","P19022_Q9BUR5"
"Q9NPA0","Q13232","Q13232_Q9NPA0"
"P22001","Q8NCA5","P22001_Q8NCA5"
"P05067","Q9UFG5","P05067_Q9UFG5"
"Q9UHP7","Q5VV41","Q5VV41_Q9UHP7"
"A0PK00","Q9NUQ3","A0PK00_Q9NUQ3"
"Q8WY22","O75525","O75525_Q8WY22"
"F5H1C8","Q13112","F5H1C8_Q13112"
"Q9Y6C9","Q08043","Q08043_Q9Y6C9"
"Q9Y5M8","Q76FK4","Q76FK4_Q9Y5M8"
"Q96AG3","Q9Y224","Q96AG3_Q9Y224"
"P08648","Q16854","P08648_Q16854"
"P46977","Q96BZ8","P46977_Q96BZ8"
"P01906","Q6NXT4","P01906_Q6NXT4"
"Q13021","Q9BY32","Q13021_Q9BY32"
"Q9H1U9","P60604","P60604_Q9H1U9"
"P20333","Q14240","P20333_Q14240"
"P10321","Q9NUQ6","P10321_Q9NUQ6"
"Q5JTV8","O00471","O00471_Q5JTV8"
"P04844","Q07817","P04844_Q07817"
"Q96A25","Q9HAH7","Q96A25_Q9HAH7"
"P36888","Q8IZL8","P36888_Q8IZL8"
"Q5T700","Q6P2H3","Q5T700_Q6P2H3"
"Q96KC8","P98082","P98082_Q96KC8"
"Q16623","Q13332","Q13332_Q16623"
"Q8N9I0","Q05925","Q05925_Q8N9I0"
"Q6PML9","A0A7N4I394","A0A7N4I394_Q6PML9"
"P54764","Q9BZE0","P54764_Q9BZE0"
"Q9C0E8","Q68CZ1","Q68CZ1_Q9C0E8"
"O00400","O75844","O00400_O75844"
"Q12981","Q8WVY7","Q12981_Q8WVY7"
"P25942","O75529","O75529_P25942"
"P10721","Q9NXB0","P10721_Q9NXB0"
"Q8IXI1","O60942","O60942_Q8IXI1"
"Q8N201","Q04760","Q04760_Q8N201"
"Q5T8D3","Q14320","Q14320_Q5T8D3"
"Q8IY34","Q9HBM0","Q8IY34_Q9HBM0"
"Q8TAA9","Q9Y570","Q8TAA9_Q9Y570"
"Q96JN2","O94782","O94782_Q96JN2"
"O15162","Q6P9B9","O15162_Q6P9B9"
"Q9Y3E0","O75083","O75083_Q9Y3E0"
"P61073","P0C7H8","P0C7H8_P61073"
"Q8IY95","P43304","P43304_Q8IY95"
"P07550","Q9BXY0","P07550_Q9BXY0"
"Q9P0J0","Q13442","Q13442_Q9P0J0"
"O43464","Q9H2G9","O43464_Q9H2G9"
"P20020","Q6RFH5","P20020_Q6RFH5"
"P51648","O94888","O94888_P51648"
"P0CG08","P49770","P0CG08_P49770"
"Q9UHQ9","O00461","O00461_Q9UHQ9"
"O00299","Q96IQ9","O00299_Q96IQ9"
"Q13635","Q9H5X1","Q13635_Q9H5X1"
"O14975","Q6YHU6","O14975_Q6YHU6"
"O15173","Q8N511","O15173_Q8N511"
"Q3ZCQ8","Q9Y678","Q3ZCQ8_Q9Y678"
"O95169","O95271","O95169_O95271"
"P13164","Q96RF0","P13164_Q96RF0"
"Q9BUB7","Q96KM6","Q96KM6_Q9BUB7"
"Q6ZMB5","Q96KR6","Q6ZMB5_Q96KR6"
"Q9H2J7","Q9UBQ0","Q9H2J7_Q9UBQ0"
"P11362","P08237","P08237_P11362"
"P56180","Q15915","P56180_Q15915"
"P43307","Q9BYD3","P43307_Q9BYD3"
"P33151","P42773","P33151_P42773"
"P00533","P62304","P00533_P62304"
"P18084","Q03431","P18084_Q03431"
"O95858","O95231","O95231_O95858"
"P10321","Q92624","P10321_Q92624"
"O15126","Q9Y3B6","O15126_Q9Y3B6"
"Q8IY95","Q96BZ8","Q8IY95_Q96BZ8"
"Q8NBJ4","Q7Z3B3","Q7Z3B3_Q8NBJ4"
"Q15262","Q14232","Q14232_Q15262"
"Q96N66","A8CG34","A8CG34_Q96N66"
"P13073","Q92889","P13073_Q92889"
"Q00325","P15954","P15954_Q00325"
"Q9H936","P51692","P51692_Q9H936"
"O15258","Q9ULC4","O15258_Q9ULC4"
"P49755","P00966","P00966_P49755"
"Q9BSJ8","Q8IZA0","Q8IZA0_Q9BSJ8"
"P27824","P41146","P27824_P41146"
"P37173","Q13424","P37173_Q13424"
"Q13520","Q9NR77","Q13520_Q9NR77"
"Q8N766","O75791","O75791_Q8N766"
"Q8IZ57","P36941","P36941_Q8IZ57"
"Q9H1C4","O95644","O95644_Q9H1C4"
"Q8NE01","O95167","O95167_Q8NE01"
"Q96SK2","Q9NQ84","Q96SK2_Q9NQ84"
"P56589","Q9NUQ3","P56589_Q9NUQ3"
"Q8NBM4","Q8TCU4","Q8NBM4_Q8TCU4"
"P22001","Q9H8T0","P22001_Q9H8T0"
"P41587","P35499","P35499_P41587"
"A8MVW0","Q8N0V3","A8MVW0_Q8N0V3"
"Q12770","P03886","P03886_Q12770"
"P46531","O15516","O15516_P46531"
"Q8TB96","Q15776","Q15776_Q8TB96"
"Q9H300","O95298","O95298_Q9H300"
"P51798","O94782","O94782_P51798"
"Q13323","Q9H6R7","Q13323_Q9H6R7"
"Q92692","P42684","P42684_Q92692"
"Q86XL3","Q9BQ75","Q86XL3_Q9BQ75"
"Q12797","P0DI82","P0DI82_Q12797"
"Q9NX47","P30566","P30566_Q9NX47"
"Q96D53","Q96AY3","Q96AY3_Q96D53"
"P10586","Q9NWR8","P10586_Q9NWR8"
"O14828","Q13057","O14828_Q13057"
"P17302","P20648","P17302_P20648"
"Q96HA1","Q9BX40","Q96HA1_Q9BX40"
"Q96GC9","P07954","P07954_Q96GC9"
"P36956","Q8IYF3","P36956_Q8IYF3"
"Q16625","Q86SE9","Q16625_Q86SE9"
"P17302","Q8WU79","P17302_Q8WU79"
"Q14108","P14138","P14138_Q14108"
"Q96G23","P04179","P04179_Q96G23"
"Q13241","A8CG34","A8CG34_Q13241"
"Q9Y5M8","Q14694","Q14694_Q9Y5M8"
"O60313","P49454","O60313_P49454"
"P52569","P50748","P50748_P52569"
"Q5T4S7","P86496","P86496_Q5T4S7"
"Q14416","I3L0E3","I3L0E3_Q14416"
"Q5T4S7","O00299","O00299_Q5T4S7"
"Q9UQV4","Q76FK4","Q76FK4_Q9UQV4"
"O94886","Q14766","O94886_Q14766"
"Q9H1X3","Q9UNS1","Q9H1X3_Q9UNS1"
"Q92692","Q9Y3B6","Q92692_Q9Y3B6"
"Q96PE5","Q96SQ5","Q96PE5_Q96SQ5"
"Q5JRA6","Q9BQS8","Q5JRA6_Q9BQS8"
"Q96F46","O94880","O94880_Q96F46"
"Q9P0N5","P37802","P37802_Q9P0N5"
"Q9UKV5","Q4LE69","Q4LE69_Q9UKV5"
"P13569","P08621","P08621_P13569"
"Q15155","Q8IY67","Q15155_Q8IY67"
"Q9UM00","Q8TEP8","Q8TEP8_Q9UM00"
"Q86VR2","Q8IY67","Q86VR2_Q8IY67"
"Q9NY97","O60573","O60573_Q9NY97"
"Q92667","P49716","P49716_Q92667"
"Q03001","P55061","P55061_Q03001"
"P09669","P05187","P05187_P09669"
"Q8IV08","P03905","P03905_Q8IV08"
"Q9NZ01","O00767","O00767_Q9NZ01"
"O00400","Q9BRR8","O00400_Q9BRR8"
"O00299","Q13158","O00299_Q13158"
"O76024","Q96L12","O76024_Q96L12"
"Q9BVI4","Q96RF0","Q96RF0_Q9BVI4"
"Q8N386","Q96S44","Q8N386_Q96S44"
"Q9UQV4","Q96BH3","Q96BH3_Q9UQV4"
"Q13586","O15160","O15160_Q13586"
"Q9Y5Y3","P43361","P43361_Q9Y5Y3"
"Q92667","Q5JTW2","Q5JTW2_Q92667"
"O95202","P54219","O95202_P54219"
"Q96IW7","Q8WUZ0","Q8WUZ0_Q96IW7"
"O15431","Q53H80","O15431_Q53H80"
"P40259","Q9UDW1","P40259_Q9UDW1"
"P47871","Q14872","P47871_Q14872"
"O14983","Q13625","O14983_Q13625"
"Q5JRA6","Q8N6Q3","Q5JRA6_Q8N6Q3"
"P20036","Q0ZGT2","P20036_Q0ZGT2"
"Q9UIR0","Q86YC2","Q86YC2_Q9UIR0"
"O43493","Q6NSJ2","O43493_Q6NSJ2"
"Q9NYP7","Q9Y508","Q9NYP7_Q9Y508"
"P30530","Q9NPF4","P30530_Q9NPF4"
"Q9GZT6","Q9P0V9","Q9GZT6_Q9P0V9"
"O95292","P31942","O95292_P31942"
"Q9UM73","Q6UVJ0","Q6UVJ0_Q9UM73"
"P10415","Q9UBF6","P10415_Q9UBF6"
"P13612","P21730","P13612_P21730"
"Q5T4S7","Q8NHQ1","Q5T4S7_Q8NHQ1"
"O15173","Q9BTE3","O15173_Q9BTE3"
"P05026","P57721","P05026_P57721"
"P12236","Q9HCU4","P12236_Q9HCU4"
"Q9Y6M5","Q15828","Q15828_Q9Y6M5"
"Q6PJF5","Q14807","Q14807_Q6PJF5"
"Q8WXH0","Q14004","Q14004_Q8WXH0"
"P12235","O15417","O15417_P12235"
"Q8IZ57","A0A0B4J2C3","A0A0B4J2C3_Q8IZ57"
"P51648","Q96H86","P51648_Q96H86"
"Q96NL1","Q8WWC4","Q8WWC4_Q96NL1"
"Q8WXI8","Q9H9E3","Q8WXI8_Q9H9E3"
"Q06418","Q9BVG9","Q06418_Q9BVG9"
"P30825","P02538","P02538_P30825"
"Q9UBM7","Q14451","Q14451_Q9UBM7"
"Q5J8M3","Q9NR28","Q5J8M3_Q9NR28"
"O60503","Q5VWC4","O60503_Q5VWC4"
"Q9Y5Z9","Q8NB90","Q8NB90_Q9Y5Z9"
"O15173","Q9Y2K7","O15173_Q9Y2K7"
"P51674","Q5VT25","P51674_Q5VT25"
"Q96N66","Q99633","Q96N66_Q99633"
"O00483","Q8IW35","O00483_Q8IW35"
"O43909","Q8TDQ0","O43909_Q8TDQ0"
"Q12981","O95872","O95872_Q12981"
"Q9NZ43","Q8IUZ0","Q8IUZ0_Q9NZ43"
"Q16288","O43776","O43776_Q16288"
"Q9H490","Q9Y467","Q9H490_Q9Y467"
"Q6ZMZ3","Q9UBQ5","Q6ZMZ3_Q9UBQ5"
"P61619","P18084","P18084_P61619"
"Q92673","Q9UHA4","Q92673_Q9UHA4"
"P43121","P42357","P42357_P43121"
"Q6NXT4","P28562","P28562_Q6NXT4"
"Q96SK2","Q99633","Q96SK2_Q99633"
"Q8TCJ2","Q9Y6J9","Q8TCJ2_Q9Y6J9"
"Q13520","Q9NP81","Q13520_Q9NP81"
"Q96GC9","Q5T440","Q5T440_Q96GC9"
"P17948","Q9NQX4","P17948_Q9NQX4"
"Q8NFQ8","Q5T7M9","Q5T7M9_Q8NFQ8"
"P51798","O75581","O75581_P51798"
"Q96AG4","Q9P0U3","Q96AG4_Q9P0U3"
"Q8TEB9","A0A1W2PQS6","A0A1W2PQS6_Q8TEB9"
"Q9NRC1","P46527","P46527_Q9NRC1"
"Q8IV08","P60370","P60370_Q8IV08"
"Q9GZR5","Q13443","Q13443_Q9GZR5"
"P09958","Q9BUL8","P09958_Q9BUL8"
"O60245","Q96G01","O60245_Q96G01"
"P43307","Q5T7P2","P43307_Q5T7P2"
"Q16625","P43353","P43353_Q16625"
"Q86UP2","P12955","P12955_Q86UP2"
"Q8NCK7","P51798","P51798_Q8NCK7"
"Q16891","P49917","P49917_Q16891"
"Q12772","Q8N806","Q12772_Q8N806"
"P20036","O95466","O95466_P20036"
"O60245","O75525","O60245_O75525"
"P18084","P53597","P18084_P53597"
"Q9NUH8","Q13153","Q13153_Q9NUH8"
"P46977","P50851","P46977_P50851"
"P0CG08","Q96MX6","P0CG08_Q96MX6"
"Q969M3","O14727","O14727_Q969M3"
"Q8N5K1","Q96DM3","Q8N5K1_Q96DM3"
"Q01650","Q9BXS4","Q01650_Q9BXS4"
"Q04721","O75915","O75915_Q04721"
"P55899","Q9UK53","P55899_Q9UK53"
"Q9UH99","Q92882","Q92882_Q9UH99"
"Q92611","Q9H501","Q92611_Q9H501"
"P25942","Q9NR96","P25942_Q9NR96"
"O75027","Q96L11","O75027_Q96L11"
"Q01814","P17948","P17948_Q01814"
"Q96BY9","Q8IYA8","Q8IYA8_Q96BY9"
"Q9Y2G8","Q9HCU5","Q9HCU5_Q9Y2G8"
"Q9BUN8","P0C7T5","P0C7T5_Q9BUN8"
"Q8WXH0","Q13158","Q13158_Q8WXH0"
"Q99720","Q01546","Q01546_Q99720"
"Q9Y6I9","P50213","P50213_Q9Y6I9"
"Q9UKR5","Q9UEG4","Q9UEG4_Q9UKR5"
"O95573","P56270","O95573_P56270"
"Q9H5K3","Q86UX6","Q86UX6_Q9H5K3"
"Q86UE4","P62312","P62312_Q86UE4"
"Q14973","Q8WUX9","Q14973_Q8WUX9"
"Q8TEM1","Q9NRX1","Q8TEM1_Q9NRX1"
"O15258","Q9NZJ0","O15258_Q9NZJ0"
"P37173","Q7L273","P37173_Q7L273"
"Q01628","Q9BZB8","Q01628_Q9BZB8"
"P00395","Q9H165","P00395_Q9H165"
"P13569","P46109","P13569_P46109"
"Q08345","Q96PC5","Q08345_Q96PC5"
"Q9BVI4","P35520","P35520_Q9BVI4"
"Q96DA6","Q9UKF6","Q96DA6_Q9UKF6"
"O15260","Q96Q05","O15260_Q96Q05"
"Q9H9B4","Q99471","Q99471_Q9H9B4"
"P54707","P49589","P49589_P54707"
"Q96CP6","Q03405","Q03405_Q96CP6"
"P05026","Q8NAU1","P05026_Q8NAU1"
"Q8WXI8","Q96KS9","Q8WXI8_Q96KS9"
"Q9BSJ8","Q8IVH2","Q8IVH2_Q9BSJ8"
"Q14416","P19823","P19823_Q14416"
"P12830","P63165","P12830_P63165"
"Q7Z434","Q16594","Q16594_Q7Z434"
"Q9P2W9","O95155","O95155_Q9P2W9"
"O95470","P49773","O95470_P49773"
"O75746","Q9Y3D7","O75746_Q9Y3D7"
"Q5T4S7","O60291","O60291_Q5T4S7"
"Q6UXG8","P01833","P01833_Q6UXG8"
"Q93084","Q96JG6","Q93084_Q96JG6"
"Q969M3","Q9H813","Q969M3_Q9H813"
"Q9H0X4","Q86YS7","Q86YS7_Q9H0X4"
"P98164","Q8N442","P98164_Q8N442"
"Q6J9G0","O00555","O00555_Q6J9G0"
"O00483","P81408","O00483_P81408"
"P13637","P01024","P01024_P13637"
"Q86VU5","Q99627","Q86VU5_Q99627"
"Q9Y275","Q9Y287","Q9Y275_Q9Y287"
"P51571","Q96A44","P51571_Q96A44"
"Q15077","Q14692","Q14692_Q15077"
"O14842","Q8TBA6","O14842_Q8TBA6"
"P53985","P31146","P31146_P53985"
"Q5JTV8","Q93050","Q5JTV8_Q93050"
"P03915","Q9BXW4","P03915_Q9BXW4"
"Q9NY97","Q9NRW4","Q9NRW4_Q9NY97"
"Q5JX71","Q99814","Q5JX71_Q99814"
"Q00325","Q5QNW6","Q00325_Q5QNW6"
"P04626","Q9UBE0","P04626_Q9UBE0"
"Q9HD45","Q9BV94","Q9BV94_Q9HD45"
"P34925","O75695","O75695_P34925"
"P45880","Q96F46","P45880_Q96F46"
"Q6J9G0","Q709C8","Q6J9G0_Q709C8"
"P25942","O75556","O75556_P25942"
"O14828","Q9H0S4","O14828_Q9H0S4"
"O95159","Q9UDY4","O95159_Q9UDY4"
"Q01814","Q92870","Q01814_Q92870"
"Q8TEM1","Q6J9G0","Q6J9G0_Q8TEM1"
"Q86XL3","Q9NU19","Q86XL3_Q9NU19"
"Q53GQ0","Q9BSI4","Q53GQ0_Q9BSI4"
"Q96A33","P07919","P07919_Q96A33"
"P04844","O43149","O43149_P04844"
"O95858","O43422","O43422_O95858"
"O15431","Q13554","O15431_Q13554"
"Q9H300","Q5TCM9","Q5TCM9_Q9H300"
"P17948","P86478","P17948_P86478"
"O15218","P49642","O15218_P49642"
"P11279","P0DP23","P0DP23_P11279"
"Q9Y3D6","Q99683","Q99683_Q9Y3D6"
"Q9C0E8","Q9UHK0","Q9C0E8_Q9UHK0"
"Q14126","P15586","P15586_Q14126"
"O95047","F5GY88","F5GY88_O95047"
"Q9UJS0","P13984","P13984_Q9UJS0"
"O15258","Q9Y3D7","O15258_Q9Y3D7"
"O15503","P36551","O15503_P36551"
"P12830","Q5T5Y3","P12830_Q5T5Y3"
"P01906","Q6NX45","P01906_Q6NX45"
"Q9Y282","P01909","P01909_Q9Y282"
"Q9NPL8","Q02156","Q02156_Q9NPL8"
"Q96GF1","Q9H8T0","Q96GF1_Q9H8T0"
"Q9Y5U4","O60437","O60437_Q9Y5U4"
"P34925","Q9GZU8","P34925_Q9GZU8"
"P01730","Q99732","P01730_Q99732"
"P42167","P61758","P42167_P61758"
"Q13291","Q15306","Q13291_Q15306"
"P13164","Q5T8P6","P13164_Q5T8P6"
"O95183","P16298","O95183_P16298"
"P05187","O43918","O43918_P05187"
"Q9Y666","Q9H0X4","Q9H0X4_Q9Y666"
"O96008","Q7L8L6","O96008_Q7L8L6"
"Q15836","Q9UL25","Q15836_Q9UL25"
"Q8IXI1","Q6P3X3","Q6P3X3_Q8IXI1"
"Q8N7X8","P21145","P21145_Q8N7X8"
"P21709","Q96GM8","P21709_Q96GM8"
"Q9UM73","P82664","P82664_Q9UM73"
"Q9NQ11","Q6PK50","Q6PK50_Q9NQ11"
"P21802","Q8WWF1","P21802_Q8WWF1"
"P35414","Q9NRL3","P35414_Q9NRL3"
"Q6UX01","Q8NF91","Q6UX01_Q8NF91"
"O95169","Q9P270","O95169_Q9P270"
"Q9BUB7","Q9NWS8","Q9BUB7_Q9NWS8"
"Q9H313","P11310","P11310_Q9H313"
"Q9Y6H6","Q9NSK0","Q9NSK0_Q9Y6H6"
"Q9P0J0","Q8N465","Q8N465_Q9P0J0"
"Q9UQ90","P14616","P14616_Q9UQ90"
"Q92611","O94842","O94842_Q92611"
"O60704","Q99607","O60704_Q99607"
"Q9ULH0","Q9UEG4","Q9UEG4_Q9ULH0"
"P11717","Q8TDR0","P11717_Q8TDR0"
"Q01628","Q9BUR4","Q01628_Q9BUR4"
"Q12846","Q9NR12","Q12846_Q9NR12"
"P01889","Q9NZL4","P01889_Q9NZL4"
"P54764","Q9UDY8","P54764_Q9UDY8"
"P01911","Q6ZRV2","P01911_Q6ZRV2"
"P20020","Q7Z4N8","P20020_Q7Z4N8"
"P11912","Q9BV94","P11912_Q9BV94"
"Q9Y5T4","P43353","P43353_Q9Y5T4"
"Q9NZJ5","Q6ZU65","Q6ZU65_Q9NZJ5"
"Q9BXM7","P11802","P11802_Q9BXM7"
"Q03001","O95674","O95674_Q03001"
"P20963","Q96I51","P20963_Q96I51"
"P43681","Q14BN4","P43681_Q14BN4"
"P19438","P99999","P19438_P99999"
"P04844","Q9BVJ7","P04844_Q9BVJ7"
"Q96Q45","Q6P4A8","Q6P4A8_Q96Q45"
"Q9Y3D6","Q96BM9","Q96BM9_Q9Y3D6"
"P48165","O95471","O95471_P48165"
"Q6P5W5","Q8WWK9","Q6P5W5_Q8WWK9"
"O95573","O43149","O43149_O95573"
"Q9NWW5","Q9H6R7","Q9H6R7_Q9NWW5"
"Q9UGP8","Q8IU60","Q8IU60_Q9UGP8"
"O14967","P49916","O14967_P49916"
"Q9H313","P42285","P42285_Q9H313"
"Q8IWB9","Q14186","Q14186_Q8IWB9"
"Q92673","Q9H5N1","Q92673_Q9H5N1"
"Q9Y3E0","O60678","O60678_Q9Y3E0"
"O00526","Q5VWX1","O00526_Q5VWX1"
"Q9Y5Y3","Q8N3F8","Q8N3F8_Q9Y5Y3"
"Q9BXS4","Q2M1P5","Q2M1P5_Q9BXS4"
"Q14108","Q99856","Q14108_Q99856"
"Q92478","Q9Y4B4","Q92478_Q9Y4B4"
"Q01628","Q00796","Q00796_Q01628"
"P13073","Q53G59","P13073_Q53G59"
"P51805","Q86T13","P51805_Q86T13"
"P12236","Q2TAC2","P12236_Q2TAC2"
"Q9H015","Q02952","Q02952_Q9H015"
"Q969X5","Q8IYH5","Q8IYH5_Q969X5"
"Q9Y666","Q96HR9","Q96HR9_Q9Y666"
"P56589","J3KQN4","J3KQN4_P56589"
"Q15388","P43364","P43364_Q15388"
"Q01974","Q8TBE3","Q01974_Q8TBE3"
"Q8NE01","Q86V97","Q86V97_Q8NE01"
"Q86VU5","O75197","O75197_Q86VU5"
"P55011","P12081","P12081_P55011"
"P16389","Q9Y4Y9","P16389_Q9Y4Y9"
"P00403","Q9UP95","P00403_Q9UP95"
"P21860","Q9HBE1","P21860_Q9HBE1"
"O95573","P22415","O95573_P22415"
"Q15375","Q15544","Q15375_Q15544"
"Q07954","P55899","P55899_Q07954"
"O94905","A0A804CL36","A0A804CL36_O94905"
"Q9NZH0","Q7RTP6","Q7RTP6_Q9NZH0"
"O94826","Q9H061","O94826_Q9H061"
"Q86UE4","Q8N122","Q86UE4_Q8N122"
"Q9NUM4","O75460","O75460_Q9NUM4"
"Q53EP0","O14893","O14893_Q53EP0"
"P54764","P31146","P31146_P54764"
"P20963","Q15911","P20963_Q15911"
"Q9UBM7","Q9Y4Y9","Q9UBM7_Q9Y4Y9"
"P55899","Q9NXR8","P55899_Q9NXR8"
"P21860","P51955","P21860_P51955"
"O14957","P13798","O14957_P13798"
"Q8IZF4","Q03519","Q03519_Q8IZF4"
"P13164","P31997","P13164_P31997"
"P45880","P41219","P41219_P45880"
"Q5JTH9","Q9Y5B0","Q5JTH9_Q9Y5B0"
"Q9HBW0","Q6PGP7","Q6PGP7_Q9HBW0"
"Q12770","P01730","P01730_Q12770"
"Q03431","Q13873","Q03431_Q13873"
"P25942","Q9Y605","P25942_Q9Y605"
"Q9Y5T4","Q96F07","Q96F07_Q9Y5T4"
"Q30201","O14966","O14966_Q30201"
"Q8TCT7","Q9H6F5","Q8TCT7_Q9H6F5"
"Q8IUH5","P60660","P60660_Q8IUH5"
"P00403","P55011","P00403_P55011"
"O95672","Q8N392","O95672_Q8N392"
"Q7Z2K6","P62312","P62312_Q7Z2K6"
"P32970","Q6PCT2","P32970_Q6PCT2"
"P01375","Q02363","P01375_Q02363"
"P51648","Q8IY95","P51648_Q8IY95"
"O95159","O00401","O00401_O95159"
"Q5T4S7","Q9BZI7","Q5T4S7_Q9BZI7"
"O75844","P56180","O75844_P56180"
"Q99442","Q3LI76","Q3LI76_Q99442"
"O14786","Q5T200","O14786_Q5T200"
"P55899","Q14643","P55899_Q14643"
"Q9P2W9","P04808","P04808_Q9P2W9"
"P09669","Q8WWV3","P09669_Q8WWV3"
"Q9H1U9","Q86T13","Q86T13_Q9H1U9"
"O95167","Q9NWT1","O95167_Q9NWT1"
"Q93050","Q8IYU8","Q8IYU8_Q93050"
"Q15125","P40306","P40306_Q15125"
"P53007","Q92466","P53007_Q92466"
"Q96AG3","Q96T21","Q96AG3_Q96T21"
"Q86TM6","Q9Y5K8","Q86TM6_Q9Y5K8"
"P16234","Q5SNT2","P16234_Q5SNT2"
"O00400","Q92729","O00400_Q92729"
"P08648","Q15326","P08648_Q15326"
"P78310","P54756","P54756_P78310"
"Q9NZ01","Q8IVW6","Q8IVW6_Q9NZ01"
"Q9H2J7","Q9P0J1","Q9H2J7_Q9P0J1"
"P18433","Q92609","P18433_Q92609"
"O43169","Q9UHP3","O43169_Q9UHP3"
"O00264","P59768","O00264_P59768"
"Q9H1C4","Q14677","Q14677_Q9H1C4"
"Q5VV42","Q92797","Q5VV42_Q92797"
"Q53EP0","Q8WVM0","Q53EP0_Q8WVM0"
"P22001","Q9Y2W1","P22001_Q9Y2W1"
"Q5BVD1","O95967","O95967_Q5BVD1"
"Q7KZN9","P0DP24","P0DP24_Q7KZN9"
"Q9Y277","O60934","O60934_Q9Y277"
"Q8IUH5","Q9UK45","Q8IUH5_Q9UK45"
"P16615","O75362","O75362_P16615"
"Q9ULF5","Q8IUC1","Q8IUC1_Q9ULF5"
"P36888","P19012","P19012_P36888"
"Q15077","O43660","O43660_Q15077"
"P26715","Q8NCD3","P26715_Q8NCD3"
"Q7Z3C6","P57772","P57772_Q7Z3C6"
"Q14739","Q8N257","Q14739_Q8N257"
"Q9NVI7","P15313","P15313_Q9NVI7"
"O75976","Q9Y6Y0","O75976_Q9Y6Y0"
"Q9P035","Q9BZ76","Q9BZ76_Q9P035"
"O15118","Q96KG9","O15118_Q96KG9"
"Q68DV7","Q14562","Q14562_Q68DV7"
"Q96TC7","Q92754","Q92754_Q96TC7"
"P12236","P12532","P12236_P12532"
"Q9Y6A9","P34896","P34896_Q9Y6A9"
"P30203","Q9Y2X7","P30203_Q9Y2X7"
"P23468","Q9Y228","P23468_Q9Y228"
"P98164","P21453","P21453_P98164"
"P51648","Q9P0V9","P51648_Q9P0V9"
"Q96TA2","P12273","P12273_Q96TA2"
"Q14318","Q92526","Q14318_Q92526"
"Q6NUQ4","Q9NUQ6","Q6NUQ4_Q9NUQ6"
"P13612","Q9BRJ6","P13612_Q9BRJ6"
"Q14739","P35658","P35658_Q14739"
"O95183","Q9C0H5","O95183_Q9C0H5"
"P07550","P52739","P07550_P52739"
"Q9HD45","Q13241","Q13241_Q9HD45"
"Q8TBA6","P02538","P02538_Q8TBA6"
"P05141","P17568","P05141_P17568"
"O43819","Q96S94","O43819_Q96S94"
"Q14416","O00468","O00468_Q14416"
"P13612","Q99598","P13612_Q99598"
"Q9NVI7","Q9UJX3","Q9NVI7_Q9UJX3"
"Q9H6H4","Q12872","Q12872_Q9H6H4"
"Q16625","O94766","O94766_Q16625"
"Q9GZY8","Q9Y223","Q9GZY8_Q9Y223"
"Q9NY72","P18074","P18074_Q9NY72"
"Q3KNW5","P53680","P53680_Q3KNW5"
"P30825","Q9BRD0","P30825_Q9BRD0"
"O14880","Q9H5J8","O14880_Q9H5J8"
"Q15303","Q9P2S5","Q15303_Q9P2S5"
"Q12846","O60502","O60502_Q12846"
"Q9BSJ5","P51684","P51684_Q9BSJ5"
"Q96RD7","Q8NEV1","Q8NEV1_Q96RD7"
"Q96LL9","Q9Y6Y0","Q96LL9_Q9Y6Y0"
"Q96HD1","Q92838","Q92838_Q96HD1"
"P40259","Q13671","P40259_Q13671"
"Q01628","Q14004","Q01628_Q14004"
"P01130","O75815","O75815_P01130"
"Q8TCG1","P07996","P07996_Q8TCG1"
"Q96GC9","P0DPH7","P0DPH7_Q96GC9"
"P12830","Q8N6Y0","P12830_Q8N6Y0"
"O14957","P51003","O14957_P51003"
"Q96HA1","P02652","P02652_Q96HA1"
"Q96JN2","Q9Y4G8","Q96JN2_Q9Y4G8"
"Q8N5G2","Q9HD45","Q8N5G2_Q9HD45"
"Q969P0","Q13296","Q13296_Q969P0"
"Q9Y6C9","Q9NWH9","Q9NWH9_Q9Y6C9"
"Q5JX71","Q9NQX4","Q5JX71_Q9NQX4"
"Q9BXB1","O95785","O95785_Q9BXB1"
"Q9BSJ8","P46778","P46778_Q9BSJ8"
"P20020","Q7Z2T5","P20020_Q7Z2T5"
"Q9HDC5","O75027","O75027_Q9HDC5"
"P05556","P01037","P01037_P05556"
"P36888","O60504","O60504_P36888"
"Q00765","Q53H96","Q00765_Q53H96"
"Q9H0U3","Q96II8","Q96II8_Q9H0U3"
"P55011","Q13503","P55011_Q13503"
"P12830","Q9BT25","P12830_Q9BT25"
"P32241","P08173","P08173_P32241"
"Q9HC97","Q13241","Q13241_Q9HC97"
"P05187","Q6ZNA4","P05187_Q6ZNA4"
"P46977","O43264","O43264_P46977"
"Q9Y5U4","Q08AD1","Q08AD1_Q9Y5U4"
"P27487","Q00765","P27487_Q00765"
"Q12797","Q9NUL3","Q12797_Q9NUL3"
"Q9GZP9","O95297","O95297_Q9GZP9"
"P35499","P01036","P01036_P35499"
"Q96TA2","Q7L1Q6","Q7L1Q6_Q96TA2"
"Q9UGP8","Q9NS87","Q9NS87_Q9UGP8"
"Q9BYF1","Q8IYH5","Q8IYH5_Q9BYF1"
"Q9HD20","P10415","P10415_Q9HD20"
"O60469","Q14005","O60469_Q14005"
"Q86VR2","O75127","O75127_Q86VR2"
"P29972","P30307","P29972_P30307"
"P63027","Q149N8","P63027_Q149N8"
"Q3ZAQ7","Q8IWU2","Q3ZAQ7_Q8IWU2"
"Q6J9G0","Q13576","Q13576_Q6J9G0"
"A8CG34","P62070","A8CG34_P62070"
"P37173","Q9BVJ7","P37173_Q9BVJ7"
"Q9Y5E6","Q99549","Q99549_Q9Y5E6"
"Q8N766","Q13586","Q13586_Q8N766"
"P51572","Q8N3Y1","P51572_Q8N3Y1"
"Q53EP0","Q01581","Q01581_Q53EP0"
"P05362","Q9P2R7","P05362_Q9P2R7"
"Q92673","A0A7N4I394","A0A7N4I394_Q92673"
"P61073","Q9NZH0","P61073_Q9NZH0"
"P05187","Q8NHH9","P05187_Q8NHH9"
"P21860","P82912","P21860_P82912"
"P17302","Q8N1G0","P17302_Q8N1G0"
"Q96FT7","Q9NVK5","Q96FT7_Q9NVK5"
"Q14573","Q9BUV8","Q14573_Q9BUV8"
"Q92896","Q9Y4C2","Q92896_Q9Y4C2"
"Q06481","Q5T7P2","Q06481_Q5T7P2"
"O00483","Q12974","O00483_Q12974"
"P61619","Q9NYA4","P61619_Q9NYA4"
"Q9BVI4","O15016","O15016_Q9BVI4"
"Q8WXI8","Q8NEY1","Q8NEY1_Q8WXI8"
"P13164","Q8TDN6","P13164_Q8TDN6"
"Q99442","P11586","P11586_Q99442"
"P04439","Q9Y2W2","P04439_Q9Y2W2"
"P05023","Q9GZT3","P05023_Q9GZT3"
"P30825","Q8WUY9","P30825_Q8WUY9"
"Q9NRS4","Q96BH3","Q96BH3_Q9NRS4"
"Q8NE01","Q9BYW2","Q8NE01_Q9BYW2"
"Q969N2","Q92882","Q92882_Q969N2"
"Q07820","Q9UHI8","Q07820_Q9UHI8"
"Q96G97","Q96HR8","Q96G97_Q96HR8"
"O75976","Q7Z5P4","O75976_Q7Z5P4"
"O94966","P40259","O94966_P40259"
"Q9Y2G8","Q9NUL3","Q9NUL3_Q9Y2G8"
"P41587","Q8N2A8","P41587_Q8N2A8"
"Q9P244","Q96S55","Q96S55_Q9P244"
"Q9UM00","Q7L190","Q7L190_Q9UM00"
"Q96A33","Q9BYQ6","Q96A33_Q9BYQ6"
"P27824","O15534","O15534_P27824"
"O75396","Q9UI10","O75396_Q9UI10"
"Q13190","P04062","P04062_Q13190"
"Q14789","P15408","P15408_Q14789"
"P16435","O75436","O75436_P16435"
"Q9ULF5","Q16352","Q16352_Q9ULF5"
"Q96TC7","Q9Y5B8","Q96TC7_Q9Y5B8"
"P13073","Q8IXL6","P13073_Q8IXL6"
"O15400","Q9NP79","O15400_Q9NP79"
"Q96HA1","Q9NSY1","Q96HA1_Q9NSY1"
"O75880","Q92729","O75880_Q92729"
"P32246","Q8ND56","P32246_Q8ND56"
"Q13635","Q9Y4C2","Q13635_Q9Y4C2"
"Q969V3","P37275","P37275_Q969V3"
"Q9Y6C9","P10176","P10176_Q9Y6C9"
"P13612","P07711","P07711_P13612"
"Q8NHP6","Q5T200","Q5T200_Q8NHP6"
"Q9P2E9","Q14512","Q14512_Q9P2E9"
"P06213","Q96LL9","P06213_Q96LL9"
"Q9BXK5","P23368","P23368_Q9BXK5"
"O60704","Q9GZZ1","O60704_Q9GZZ1"
"P39656","P42356","P39656_P42356"
"Q96JN2","P39687","P39687_Q96JN2"
"Q9H9B4","Q15637","Q15637_Q9H9B4"
"Q6ZMZ3","P80723","P80723_Q6ZMZ3"
"Q9Y2H6","Q8IVD9","Q8IVD9_Q9Y2H6"
"Q13304","Q96Q89","Q13304_Q96Q89"
"P02724","Q9BV38","P02724_Q9BV38"
"Q6UX01","O75127","O75127_Q6UX01"
"O15393","Q68D86","O15393_Q68D86"
"P50402","Q14696","P50402_Q14696"
"P08574","Q8TCT0","P08574_Q8TCT0"
"Q8TB96","Q9HAV4","Q8TB96_Q9HAV4"
"O95672","Q96BM9","O95672_Q96BM9"
"Q5T3F8","Q92845","Q5T3F8_Q92845"
"P09958","Q9BYZ6","P09958_Q9BYZ6"
"Q9UM73","O60739","O60739_Q9UM73"
"O14842","Q9H0Q3","O14842_Q9H0Q3"
"Q9UQV4","Q9UGC7","Q9UGC7_Q9UQV4"
"Q9P0T7","P28290","P28290_Q9P0T7"
"P57088","Q9BWU0","P57088_Q9BWU0"
"Q15836","Q9NXH9","Q15836_Q9NXH9"
"Q14126","Q15437","Q14126_Q15437"
"P17302","P36894","P17302_P36894"
"Q14571","Q9H0Q3","Q14571_Q9H0Q3"
"Q96PE5","P24386","P24386_Q96PE5"
"P01833","O15511","O15511_P01833"
"Q8NF37","Q9Y468","Q8NF37_Q9Y468"
"O94901","Q9Y6J9","O94901_Q9Y6J9"
"Q8N4H5","P19823","P19823_Q8N4H5"
"Q96AG3","Q86V38","Q86V38_Q96AG3"
"Q01814","Q13216","Q01814_Q13216"
"Q6ZMZ3","Q96J84","Q6ZMZ3_Q96J84"
"P00533","Q13185","P00533_Q13185"
"P52799","Q5TDH0","P52799_Q5TDH0"
"Q86XL3","Q9Y4Z0","Q86XL3_Q9Y4Z0"
"Q13520","Q9HBL8","Q13520_Q9HBL8"
"Q7Z434","Q7LGA3","Q7LGA3_Q7Z434"
"Q15155","Q9BVQ7","Q15155_Q9BVQ7"
"P61619","Q9NR12","P61619_Q9NR12"
"Q8NC42","Q8IX15","Q8IX15_Q8NC42"
"P60033","P51532","P51532_P60033"
"Q9UIW2","O43255","O43255_Q9UIW2"
"P41587","Q9Y5B6","P41587_Q9Y5B6"
"O15400","P49790","O15400_P49790"
"Q9Y277","Q8IYA8","Q8IYA8_Q9Y277"
"Q8N5G2","O43586","O43586_Q8N5G2"
"Q96AG3","O15350","O15350_Q96AG3"
"Q01814","P82921","P82921_Q01814"
"O75027","Q9HCM9","O75027_Q9HCM9"
"Q96GR4","Q8IUR0","Q8IUR0_Q96GR4"
"P51572","P29320","P29320_P51572"
"P30519","Q9Y4J8","P30519_Q9Y4J8"
"Q04912","Q8NDD1","Q04912_Q8NDD1"
"Q8NCK7","Q9C0F0","Q8NCK7_Q9C0F0"
"Q96S52","O95977","O95977_Q96S52"
"P29376","O76041","O76041_P29376"
"Q01973","Q6PJG2","Q01973_Q6PJG2"
"O60858","E9PFW3","E9PFW3_O60858"
"Q9H015","P49356","P49356_Q9H015"
"P20648","Q02297","P20648_Q02297"
"Q6UX01","Q9Y399","Q6UX01_Q9Y399"
"P22607","P61604","P22607_P61604"
"O96008","Q9P2W9","O96008_Q9P2W9"
"P49286","Q9NX36","P49286_Q9NX36"
"P10586","Q13886","P10586_Q13886"
"Q86VU5","Q9Y5Z0","Q86VU5_Q9Y5Z0"
"Q14126","Q5VTL8","Q14126_Q5VTL8"
"O00299","Q14320","O00299_Q14320"
"Q9BUN8","Q70IA8","Q70IA8_Q9BUN8"
"Q9UHQ9","O75525","O75525_Q9UHQ9"
"P43115","Q5W5X9","P43115_Q5W5X9"
"Q12846","Q8IWR0","Q12846_Q8IWR0"
"P05556","P30260","P05556_P30260"
"Q9HDC5","O00461","O00461_Q9HDC5"
"Q8N5G2","Q7L5D6","Q7L5D6_Q8N5G2"
"Q92478","Q7Z401","Q7Z401_Q92478"
"Q9BUV8","O95139","O95139_Q9BUV8"
"P23229","P10827","P10827_P23229"
"Q9UBM7","Q68CQ4","Q68CQ4_Q9UBM7"
"Q12866","Q96EC8","Q12866_Q96EC8"
"P15941","Q70IA6","P15941_Q70IA6"
"Q86VU5","P24390","P24390_Q86VU5"
"Q8WXI8","P22059","P22059_Q8WXI8"
"Q9BXM7","Q04206","Q04206_Q9BXM7"
"Q9BXS4","Q5T5U3","Q5T5U3_Q9BXS4"
"Q04721","O75935","O75935_Q04721"
"P60059","P02686","P02686_P60059"
"P53007","P20674","P20674_P53007"
"O00468","O43818","O00468_O43818"
"P60059","O14933","O14933_P60059"
"P54709","Q9UHI8","P54709_Q9UHI8"
"Q96RD7","Q6AI08","Q6AI08_Q96RD7"
"Q14789","Q8WZ73","Q14789_Q8WZ73"
"Q8NBN3","Q6PJF5","Q6PJF5_Q8NBN3"
"Q9UM73","Q02750","Q02750_Q9UM73"
"Q9BXK5","Q9BT67","Q9BT67_Q9BXK5"
"P08247","P61457","P08247_P61457"
"P16234","Q9UI36","P16234_Q9UI36"
"Q13291","O75344","O75344_Q13291"
"O60313","Q9UH62","O60313_Q9UH62"
"Q8NFQ8","Q9P289","Q8NFQ8_Q9P289"
"P13612","Q9UJC3","P13612_Q9UJC3"
"Q04912","P35573","P35573_Q04912"
"Q9UQV4","O75970","O75970_Q9UQV4"
"Q8TBP5","P11532","P11532_Q8TBP5"
"Q969X5","Q15915","Q15915_Q969X5"
"Q8NE01","O43292","O43292_Q8NE01"
"Q08554","Q3MIR4","Q08554_Q3MIR4"
"Q8NI60","P10074","P10074_Q8NI60"
"O15393","Q96JB6","O15393_Q96JB6"
"Q9Y6H6","Q96HS1","Q96HS1_Q9Y6H6"
"Q9UGP8","Q9NQT5","Q9NQT5_Q9UGP8"
"Q9Y666","Q96EK4","Q96EK4_Q9Y666"
"Q5BJF2","Q9NVA1","Q5BJF2_Q9NVA1"
"Q9NV96","J3KPD9","J3KPD9_Q9NV96"
"P10321","Q96CB9","P10321_Q96CB9"
"Q92482","P36639","P36639_Q92482"
"Q9UBH6","P01127","P01127_Q9UBH6"
"Q9NRS4","Q9Y2R4","Q9NRS4_Q9Y2R4"
"P56589","Q15643","P56589_Q15643"
"P49755","P31431","P31431_P49755"
"O00526","Q14766","O00526_Q14766"
"O15400","Q96KG9","O15400_Q96KG9"
"Q6J9G0","Q92845","Q6J9G0_Q92845"
"P12830","Q9Y6X2","P12830_Q9Y6X2"
"Q9Y282","O60941","O60941_Q9Y282"
"O15529","Q8TEH3","O15529_Q8TEH3"
"Q9NUM4","P11908","P11908_Q9NUM4"
"Q96GQ5","O95490","O95490_Q96GQ5"
"Q9H5K3","Q7Z4Q2","Q7Z4Q2_Q9H5K3"
"Q08345","P13497","P13497_Q08345"
"O00559","O00442","O00442_O00559"
"P32241","Q9UK85","P32241_Q9UK85"
"P07550","Q9NQT4","P07550_Q9NQT4"
"Q96HS1","P55212","P55212_Q96HS1"
"Q9UBM7","Q8NEJ9","Q8NEJ9_Q9UBM7"
"Q12797","Q9P2F8","Q12797_Q9P2F8"
"P29376","Q92889","P29376_Q92889"
"Q96F46","Q9BZQ6","Q96F46_Q9BZQ6"
"P36956","Q9NSP4","P36956_Q9NSP4"
"Q9BXK5","Q8N3R9","Q8N3R9_Q9BXK5"
"P30530","P54727","P30530_P54727"
"P11279","Q8IYB1","P11279_Q8IYB1"
"P25090","Q9NZQ3","P25090_Q9NZQ3"
"Q4KMQ2","Q9NTX7","Q4KMQ2_Q9NTX7"
"Q15836","Q96E35","Q15836_Q96E35"
"P10176","Q8TD19","P10176_Q8TD19"
"O14672","Q4ZIN3","O14672_Q4ZIN3"
"P27824","A0A0B4J2C3","A0A0B4J2C3_P27824"
"Q5TGI0","O00330","O00330_Q5TGI0"
"P28335","Q8IYX8","P28335_Q8IYX8"
"Q9UM00","Q9NVX0","Q9NVX0_Q9UM00"
"Q6P4A7","O94880","O94880_Q6P4A7"
"Q9NPA0","Q96HW7","Q96HW7_Q9NPA0"
"P34925","Q15072","P34925_Q15072"
"P13637","P0C7T5","P0C7T5_P13637"
"P98164","P17542","P17542_P98164"
"Q8TC12","Q16825","Q16825_Q8TC12"
"O60858","Q8WX93","O60858_Q8WX93"
"Q9NY72","Q6EMK4","Q6EMK4_Q9NY72"
"O14842","P21673","O14842_P21673"
"P10176","Q99536","P10176_Q99536"
"Q96N66","Q01831","Q01831_Q96N66"
"Q13021","Q53HL2","Q13021_Q53HL2"
"O00468","Q2M1P5","O00468_Q2M1P5"
"Q07812","P48668","P48668_Q07812"
"P56962","Q8IZQ1","P56962_Q8IZQ1"
"P13612","Q9ULK5","P13612_Q9ULK5"
"Q8TCT9","G3V1L9","G3V1L9_Q8TCT9"
"Q68DV7","Q9NUJ1","Q68DV7_Q9NUJ1"
"Q6PJF5","Q9Y666","Q6PJF5_Q9Y666"
"Q8IWB9","Q08554","Q08554_Q8IWB9"
"Q6ZMQ8","Q14571","Q14571_Q6ZMQ8"
"Q13635","Q9HD45","Q13635_Q9HD45"
"O95070","Q86TI2","O95070_Q86TI2"
"P04844","Q8WYQ5","P04844_Q8WYQ5"
"Q6P1M0","Q9NSC2","Q6P1M0_Q9NSC2"
"O15118","Q9NWB1","O15118_Q9NWB1"
"Q8NF37","Q7LBC6","Q7LBC6_Q8NF37"
"O15162","O60739","O15162_O60739"
"P55061","Q9BZE0","P55061_Q9BZE0"
"O15393","Q9H0I2","O15393_Q9H0I2"
"Q53GQ0","P20929","P20929_Q53GQ0"
"O95292","Q9NX70","O95292_Q9NX70"
"Q9UBM7","Q9P2D1","Q9P2D1_Q9UBM7"
"Q01344","Q53EU6","Q01344_Q53EU6"
"P20963","Q9UHR6","P20963_Q9UHR6"
"Q13277","Q9NUG6","Q13277_Q9NUG6"
"P13637","P05165","P05165_P13637"
"Q9UQV4","P09382","P09382_Q9UQV4"
"Q14416","Q9HAU4","Q14416_Q9HAU4"
"P08473","Q5VZ89","P08473_Q5VZ89"
"P48165","P42357","P42357_P48165"
"O00299","Q8N806","O00299_Q8N806"
"Q14789","O75052","O75052_Q14789"
"Q16288","Q92945","Q16288_Q92945"
"Q12846","Q9NQ50","Q12846_Q9NQ50"
"Q16891","O75822","O75822_Q16891"
"P81605","Q6P597","P81605_Q6P597"
"P17152","Q03519","P17152_Q03519"
"Q15077","O00400","O00400_Q15077"
"Q969P0","Q96C19","Q969P0_Q96C19"
"Q5JRA6","P13196","P13196_Q5JRA6"
"P08574","Q9BQY4","P08574_Q9BQY4"
"Q8N6L0","Q8ND83","Q8N6L0_Q8ND83"
"Q9P244","Q5TA45","Q5TA45_Q9P244"
"Q9BTV4","Q9Y5W5","Q9BTV4_Q9Y5W5"
"P56589","P22090","P22090_P56589"
"Q14627","Q9Y337","Q14627_Q9Y337"
"Q8WXI8","Q14119","Q14119_Q8WXI8"
"O43291","O60739","O43291_O60739"
"O60245","Q8ND24","O60245_Q8ND24"
"Q9BVK6","Q9BVC6","Q9BVC6_Q9BVK6"
"Q96E52","O15354","O15354_Q96E52"
"Q8WXI8","P21926","P21926_Q8WXI8"
"P53985","P10451","P10451_P53985"
"Q15070","A5D8V6","A5D8V6_Q15070"
"P19438","O96000","O96000_P19438"
"P11279","Q13216","P11279_Q13216"
"Q8NF91","Q9H410","Q8NF91_Q9H410"
"Q9Y6H6","P57678","P57678_Q9Y6H6"
"Q92611","Q2KHN1","Q2KHN1_Q92611"
"P49257","P55771","P49257_P55771"
